,support,itemsets
0,0.07216494845360824,frozenset({'FGO'})
1,0.05154639175257732,frozenset({'Fate'})
2,0.05154639175257732,frozenset({'Fate/GO10000users入り'})
3,0.09278350515463918,frozenset({'Fate/GO1000users入り'})
4,0.17525773195876287,frozenset({'Fate/GrandOrder'})
5,0.05154639175257732,frozenset({'ぐだ♂ぐだ♀'})
6,0.07216494845360824,frozenset({'ぐだ子'})
7,0.05154639175257732,frozenset({'ぐだ男'})
8,0.09278350515463918,frozenset({'イラスト'})
9,0.31958762886597936,frozenset({'オリジナル'})
10,0.12371134020618557,frozenset({'オリジナル10000users入り'})
11,0.05154639175257732,frozenset({'オリジナル1000users入り'})
12,0.08247422680412371,frozenset({'女の子'})
13,0.05154639175257732,frozenset({'彼と彼女'})
14,0.09278350515463918,frozenset({'插画'})
15,0.09278350515463918,frozenset({'永远的7日之都'})
16,0.09278350515463918,frozenset({'永遠の七日1000users入り'})
17,0.05154639175257732,frozenset({'永遠的7日之都'})
18,0.08247422680412371,frozenset({'狐耳'})
19,0.09278350515463918,frozenset({'盾指'})
20,0.09278350515463918,frozenset({'罗纳克'})
21,0.07216494845360824,"frozenset({'Fate/GrandOrder', 'FGO'})"
22,0.05154639175257732,"frozenset({'Fate/GO10000users入り', 'Fate/GrandOrder'})"
23,0.05154639175257732,"frozenset({'ぐだ♂ぐだ♀', 'ぐだ子'})"
24,0.05154639175257732,"frozenset({'ぐだ男', 'ぐだ♂ぐだ♀'})"
25,0.05154639175257732,"frozenset({'ぐだ男', 'ぐだ子'})"
26,0.05154639175257732,"frozenset({'彼と彼女', 'イラスト'})"
27,0.09278350515463918,"frozenset({'插画', 'イラスト'})"
28,0.09278350515463918,"frozenset({'永远的7日之都', 'イラスト'})"
29,0.09278350515463918,"frozenset({'永遠の七日1000users入り', 'イラスト'})"
30,0.05154639175257732,"frozenset({'イラスト', '永遠的7日之都'})"
31,0.09278350515463918,"frozenset({'イラスト', '盾指'})"
32,0.09278350515463918,"frozenset({'罗纳克', 'イラスト'})"
33,0.12371134020618557,"frozenset({'オリジナル', 'オリジナル10000users入り'})"
34,0.07216494845360824,"frozenset({'オリジナル', '女の子'})"
35,0.05154639175257732,"frozenset({'彼と彼女', '插画'})"
36,0.05154639175257732,"frozenset({'彼と彼女', '永远的7日之都'})"
37,0.05154639175257732,"frozenset({'彼と彼女', '永遠の七日1000users入り'})"
38,0.05154639175257732,"frozenset({'彼と彼女', '永遠的7日之都'})"
39,0.05154639175257732,"frozenset({'彼と彼女', '盾指'})"
40,0.05154639175257732,"frozenset({'彼と彼女', '罗纳克'})"
41,0.09278350515463918,"frozenset({'永远的7日之都', '插画'})"
42,0.09278350515463918,"frozenset({'永遠の七日1000users入り', '插画'})"
43,0.05154639175257732,"frozenset({'插画', '永遠的7日之都'})"
44,0.09278350515463918,"frozenset({'插画', '盾指'})"
45,0.09278350515463918,"frozenset({'罗纳克', '插画'})"
46,0.09278350515463918,"frozenset({'永遠の七日1000users入り', '永远的7日之都'})"
47,0.05154639175257732,"frozenset({'永远的7日之都', '永遠的7日之都'})"
48,0.09278350515463918,"frozenset({'永远的7日之都', '盾指'})"
49,0.09278350515463918,"frozenset({'罗纳克', '永远的7日之都'})"
50,0.05154639175257732,"frozenset({'永遠の七日1000users入り', '永遠的7日之都'})"
51,0.09278350515463918,"frozenset({'永遠の七日1000users入り', '盾指'})"
52,0.09278350515463918,"frozenset({'永遠の七日1000users入り', '罗纳克'})"
53,0.05154639175257732,"frozenset({'永遠的7日之都', '盾指'})"
54,0.05154639175257732,"frozenset({'罗纳克', '永遠的7日之都'})"
55,0.09278350515463918,"frozenset({'罗纳克', '盾指'})"
56,0.05154639175257732,"frozenset({'ぐだ男', 'ぐだ♂ぐだ♀', 'ぐだ子'})"
57,0.05154639175257732,"frozenset({'彼と彼女', '插画', 'イラスト'})"
58,0.05154639175257732,"frozenset({'彼と彼女', '永远的7日之都', 'イラスト'})"
59,0.05154639175257732,"frozenset({'彼と彼女', '永遠の七日1000users入り', 'イラスト'})"
60,0.05154639175257732,"frozenset({'彼と彼女', 'イラスト', '永遠的7日之都'})"
61,0.05154639175257732,"frozenset({'彼と彼女', 'イラスト', '盾指'})"
62,0.05154639175257732,"frozenset({'彼と彼女', '罗纳克', 'イラスト'})"
63,0.09278350515463918,"frozenset({'永远的7日之都', '插画', 'イラスト'})"
64,0.09278350515463918,"frozenset({'永遠の七日1000users入り', '插画', 'イラスト'})"
65,0.05154639175257732,"frozenset({'插画', 'イラスト', '永遠的7日之都'})"
66,0.09278350515463918,"frozenset({'插画', 'イラスト', '盾指'})"
67,0.09278350515463918,"frozenset({'罗纳克', '插画', 'イラスト'})"
68,0.09278350515463918,"frozenset({'永遠の七日1000users入り', '永远的7日之都', 'イラスト'})"
69,0.05154639175257732,"frozenset({'永远的7日之都', 'イラスト', '永遠的7日之都'})"
70,0.09278350515463918,"frozenset({'永远的7日之都', 'イラスト', '盾指'})"
71,0.09278350515463918,"frozenset({'罗纳克', '永远的7日之都', 'イラスト'})"
72,0.05154639175257732,"frozenset({'永遠の七日1000users入り', 'イラスト', '永遠的7日之都'})"
73,0.09278350515463918,"frozenset({'永遠の七日1000users入り', 'イラスト', '盾指'})"
74,0.09278350515463918,"frozenset({'永遠の七日1000users入り', '罗纳克', 'イラスト'})"
75,0.05154639175257732,"frozenset({'永遠的7日之都', 'イラスト', '盾指'})"
76,0.05154639175257732,"frozenset({'罗纳克', 'イラスト', '永遠的7日之都'})"
77,0.09278350515463918,"frozenset({'罗纳克', 'イラスト', '盾指'})"
78,0.05154639175257732,"frozenset({'永远的7日之都', '彼と彼女', '插画'})"
79,0.05154639175257732,"frozenset({'彼と彼女', '永遠の七日1000users入り', '插画'})"
80,0.05154639175257732,"frozenset({'彼と彼女', '插画', '永遠的7日之都'})"
81,0.05154639175257732,"frozenset({'彼と彼女', '插画', '盾指'})"
82,0.05154639175257732,"frozenset({'彼と彼女', '罗纳克', '插画'})"
83,0.05154639175257732,"frozenset({'彼と彼女', '永遠の七日1000users入り', '永远的7日之都'})"
84,0.05154639175257732,"frozenset({'彼と彼女', '永远的7日之都', '永遠的7日之都'})"
85,0.05154639175257732,"frozenset({'彼と彼女', '永远的7日之都', '盾指'})"
86,0.05154639175257732,"frozenset({'彼と彼女', '罗纳克', '永远的7日之都'})"
87,0.05154639175257732,"frozenset({'彼と彼女', '永遠の七日1000users入り', '永遠的7日之都'})"
88,0.05154639175257732,"frozenset({'彼と彼女', '永遠の七日1000users入り', '盾指'})"
89,0.05154639175257732,"frozenset({'彼と彼女', '永遠の七日1000users入り', '罗纳克'})"
90,0.05154639175257732,"frozenset({'永遠的7日之都', '彼と彼女', '盾指'})"
91,0.05154639175257732,"frozenset({'彼と彼女', '罗纳克', '永遠的7日之都'})"
92,0.05154639175257732,"frozenset({'彼と彼女', '罗纳克', '盾指'})"
93,0.09278350515463918,"frozenset({'永远的7日之都', '永遠の七日1000users入り', '插画'})"
94,0.05154639175257732,"frozenset({'永远的7日之都', '插画', '永遠的7日之都'})"
95,0.09278350515463918,"frozenset({'永远的7日之都', '插画', '盾指'})"
96,0.09278350515463918,"frozenset({'永远的7日之都', '罗纳克', '插画'})"
97,0.05154639175257732,"frozenset({'永遠の七日1000users入り', '插画', '永遠的7日之都'})"
98,0.09278350515463918,"frozenset({'永遠の七日1000users入り', '插画', '盾指'})"
99,0.09278350515463918,"frozenset({'永遠の七日1000users入り', '罗纳克', '插画'})"
100,0.05154639175257732,"frozenset({'永遠的7日之都', '插画', '盾指'})"
101,0.05154639175257732,"frozenset({'罗纳克', '插画', '永遠的7日之都'})"
102,0.09278350515463918,"frozenset({'罗纳克', '插画', '盾指'})"
103,0.05154639175257732,"frozenset({'永遠の七日1000users入り', '永远的7日之都', '永遠的7日之都'})"
104,0.09278350515463918,"frozenset({'永遠の七日1000users入り', '永远的7日之都', '盾指'})"
105,0.09278350515463918,"frozenset({'永遠の七日1000users入り', '罗纳克', '永远的7日之都'})"
106,0.05154639175257732,"frozenset({'永遠的7日之都', '永远的7日之都', '盾指'})"
107,0.05154639175257732,"frozenset({'罗纳克', '永远的7日之都', '永遠的7日之都'})"
108,0.09278350515463918,"frozenset({'罗纳克', '永远的7日之都', '盾指'})"
109,0.05154639175257732,"frozenset({'永遠的7日之都', '永遠の七日1000users入り', '盾指'})"
110,0.05154639175257732,"frozenset({'永遠の七日1000users入り', '罗纳克', '永遠的7日之都'})"
111,0.09278350515463918,"frozenset({'永遠の七日1000users入り', '罗纳克', '盾指'})"
112,0.05154639175257732,"frozenset({'永遠的7日之都', '罗纳克', '盾指'})"
113,0.05154639175257732,"frozenset({'永远的7日之都', '彼と彼女', '插画', 'イラスト'})"
114,0.05154639175257732,"frozenset({'彼と彼女', '永遠の七日1000users入り', '插画', 'イラスト'})"
115,0.05154639175257732,"frozenset({'彼と彼女', '插画', 'イラスト', '永遠的7日之都'})"
116,0.05154639175257732,"frozenset({'彼と彼女', '插画', 'イラスト', '盾指'})"
117,0.05154639175257732,"frozenset({'彼と彼女', '罗纳克', '插画', 'イラスト'})"
118,0.05154639175257732,"frozenset({'彼と彼女', '永遠の七日1000users入り', '永远的7日之都', 'イラスト'})"
119,0.05154639175257732,"frozenset({'彼と彼女', '永远的7日之都', 'イラスト', '永遠的7日之都'})"
120,0.05154639175257732,"frozenset({'彼と彼女', '永远的7日之都', 'イラスト', '盾指'})"
121,0.05154639175257732,"frozenset({'彼と彼女', '罗纳克', '永远的7日之都', 'イラスト'})"
122,0.05154639175257732,"frozenset({'彼と彼女', '永遠の七日1000users入り', 'イラスト', '永遠的7日之都'})"
123,0.05154639175257732,"frozenset({'彼と彼女', '永遠の七日1000users入り', 'イラスト', '盾指'})"
124,0.05154639175257732,"frozenset({'彼と彼女', '永遠の七日1000users入り', '罗纳克', 'イラスト'})"
125,0.05154639175257732,"frozenset({'永遠的7日之都', '彼と彼女', 'イラスト', '盾指'})"
126,0.05154639175257732,"frozenset({'彼と彼女', '罗纳克', 'イラスト', '永遠的7日之都'})"
127,0.05154639175257732,"frozenset({'彼と彼女', '罗纳克', 'イラスト', '盾指'})"
128,0.09278350515463918,"frozenset({'永远的7日之都', '永遠の七日1000users入り', '插画', 'イラスト'})"
129,0.05154639175257732,"frozenset({'永远的7日之都', '插画', 'イラスト', '永遠的7日之都'})"
130,0.09278350515463918,"frozenset({'永远的7日之都', '插画', 'イラスト', '盾指'})"
131,0.09278350515463918,"frozenset({'永远的7日之都', '罗纳克', '插画', 'イラスト'})"
132,0.05154639175257732,"frozenset({'永遠の七日1000users入り', '插画', 'イラスト', '永遠的7日之都'})"
133,0.09278350515463918,"frozenset({'永遠の七日1000users入り', '插画', 'イラスト', '盾指'})"
134,0.09278350515463918,"frozenset({'永遠の七日1000users入り', '罗纳克', '插画', 'イラスト'})"
135,0.05154639175257732,"frozenset({'永遠的7日之都', '插画', 'イラスト', '盾指'})"
136,0.05154639175257732,"frozenset({'罗纳克', '插画', 'イラスト', '永遠的7日之都'})"
137,0.09278350515463918,"frozenset({'罗纳克', '插画', 'イラスト', '盾指'})"
138,0.05154639175257732,"frozenset({'永遠の七日1000users入り', '永远的7日之都', 'イラスト', '永遠的7日之都'})"
139,0.09278350515463918,"frozenset({'永遠の七日1000users入り', '永远的7日之都', 'イラスト', '盾指'})"
140,0.09278350515463918,"frozenset({'永遠の七日1000users入り', '罗纳克', '永远的7日之都', 'イラスト'})"
141,0.05154639175257732,"frozenset({'永遠的7日之都', '永远的7日之都', 'イラスト', '盾指'})"
142,0.05154639175257732,"frozenset({'罗纳克', '永远的7日之都', 'イラスト', '永遠的7日之都'})"
143,0.09278350515463918,"frozenset({'罗纳克', '永远的7日之都', 'イラスト', '盾指'})"
144,0.05154639175257732,"frozenset({'永遠的7日之都', '永遠の七日1000users入り', 'イラスト', '盾指'})"
145,0.05154639175257732,"frozenset({'永遠の七日1000users入り', '罗纳克', 'イラスト', '永遠的7日之都'})"
146,0.09278350515463918,"frozenset({'永遠の七日1000users入り', '罗纳克', 'イラスト', '盾指'})"
147,0.05154639175257732,"frozenset({'永遠的7日之都', '罗纳克', 'イラスト', '盾指'})"
148,0.05154639175257732,"frozenset({'永远的7日之都', '彼と彼女', '永遠の七日1000users入り', '插画'})"
149,0.05154639175257732,"frozenset({'永远的7日之都', '彼と彼女', '插画', '永遠的7日之都'})"
150,0.05154639175257732,"frozenset({'永远的7日之都', '彼と彼女', '插画', '盾指'})"
151,0.05154639175257732,"frozenset({'永远的7日之都', '彼と彼女', '罗纳克', '插画'})"
152,0.05154639175257732,"frozenset({'彼と彼女', '永遠の七日1000users入り', '插画', '永遠的7日之都'})"
153,0.05154639175257732,"frozenset({'彼と彼女', '永遠の七日1000users入り', '插画', '盾指'})"
154,0.05154639175257732,"frozenset({'彼と彼女', '永遠の七日1000users入り', '罗纳克', '插画'})"
155,0.05154639175257732,"frozenset({'永遠的7日之都', '彼と彼女', '插画', '盾指'})"
156,0.05154639175257732,"frozenset({'彼と彼女', '罗纳克', '插画', '永遠的7日之都'})"
157,0.05154639175257732,"frozenset({'彼と彼女', '罗纳克', '插画', '盾指'})"
158,0.05154639175257732,"frozenset({'彼と彼女', '永遠の七日1000users入り', '永远的7日之都', '永遠的7日之都'})"
159,0.05154639175257732,"frozenset({'彼と彼女', '永遠の七日1000users入り', '永远的7日之都', '盾指'})"
160,0.05154639175257732,"frozenset({'彼と彼女', '永遠の七日1000users入り', '罗纳克', '永远的7日之都'})"
161,0.05154639175257732,"frozenset({'永遠的7日之都', '彼と彼女', '永远的7日之都', '盾指'})"
162,0.05154639175257732,"frozenset({'彼と彼女', '罗纳克', '永远的7日之都', '永遠的7日之都'})"
163,0.05154639175257732,"frozenset({'彼と彼女', '罗纳克', '永远的7日之都', '盾指'})"
164,0.05154639175257732,"frozenset({'永遠的7日之都', '彼と彼女', '永遠の七日1000users入り', '盾指'})"
165,0.05154639175257732,"frozenset({'彼と彼女', '永遠の七日1000users入り', '罗纳克', '永遠的7日之都'})"
166,0.05154639175257732,"frozenset({'彼と彼女', '永遠の七日1000users入り', '罗纳克', '盾指'})"
167,0.05154639175257732,"frozenset({'永遠的7日之都', '彼と彼女', '罗纳克', '盾指'})"
168,0.05154639175257732,"frozenset({'永远的7日之都', '永遠の七日1000users入り', '插画', '永遠的7日之都'})"
169,0.09278350515463918,"frozenset({'永远的7日之都', '永遠の七日1000users入り', '插画', '盾指'})"
170,0.09278350515463918,"frozenset({'永远的7日之都', '永遠の七日1000users入り', '罗纳克', '插画'})"
171,0.05154639175257732,"frozenset({'永远的7日之都', '永遠的7日之都', '插画', '盾指'})"
172,0.05154639175257732,"frozenset({'永远的7日之都', '罗纳克', '插画', '永遠的7日之都'})"
173,0.09278350515463918,"frozenset({'永远的7日之都', '罗纳克', '插画', '盾指'})"
174,0.05154639175257732,"frozenset({'永遠的7日之都', '永遠の七日1000users入り', '插画', '盾指'})"
175,0.05154639175257732,"frozenset({'永遠の七日1000users入り', '罗纳克', '插画', '永遠的7日之都'})"
176,0.09278350515463918,"frozenset({'永遠の七日1000users入り', '罗纳克', '插画', '盾指'})"
177,0.05154639175257732,"frozenset({'永遠的7日之都', '罗纳克', '插画', '盾指'})"
178,0.05154639175257732,"frozenset({'永遠的7日之都', '永遠の七日1000users入り', '永远的7日之都', '盾指'})"
179,0.05154639175257732,"frozenset({'永遠の七日1000users入り', '罗纳克', '永远的7日之都', '永遠的7日之都'})"
180,0.09278350515463918,"frozenset({'永遠の七日1000users入り', '罗纳克', '永远的7日之都', '盾指'})"
181,0.05154639175257732,"frozenset({'永遠的7日之都', '罗纳克', '永远的7日之都', '盾指'})"
182,0.05154639175257732,"frozenset({'永遠的7日之都', '永遠の七日1000users入り', '罗纳克', '盾指'})"
183,0.05154639175257732,"frozenset({'彼と彼女', 'イラスト', '插画', '永远的7日之都', '永遠の七日1000users入り'})"
184,0.05154639175257732,"frozenset({'彼と彼女', 'イラスト', '插画', '永远的7日之都', '永遠的7日之都'})"
185,0.05154639175257732,"frozenset({'彼と彼女', 'イラスト', '插画', '永远的7日之都', '盾指'})"
186,0.05154639175257732,"frozenset({'彼と彼女', 'イラスト', '罗纳克', '插画', '永远的7日之都'})"
187,0.05154639175257732,"frozenset({'彼と彼女', 'イラスト', '插画', '永遠的7日之都', '永遠の七日1000users入り'})"
188,0.05154639175257732,"frozenset({'彼と彼女', 'イラスト', '插画', '盾指', '永遠の七日1000users入り'})"
189,0.05154639175257732,"frozenset({'彼と彼女', 'イラスト', '罗纳克', '插画', '永遠の七日1000users入り'})"
190,0.05154639175257732,"frozenset({'彼と彼女', 'イラスト', '盾指', '插画', '永遠的7日之都'})"
191,0.05154639175257732,"frozenset({'彼と彼女', 'イラスト', '罗纳克', '插画', '永遠的7日之都'})"
192,0.05154639175257732,"frozenset({'彼と彼女', 'イラスト', '罗纳克', '插画', '盾指'})"
193,0.05154639175257732,"frozenset({'彼と彼女', 'イラスト', '永远的7日之都', '永遠的7日之都', '永遠の七日1000users入り'})"
194,0.05154639175257732,"frozenset({'彼と彼女', 'イラスト', '永远的7日之都', '盾指', '永遠の七日1000users入り'})"
195,0.05154639175257732,"frozenset({'彼と彼女', 'イラスト', '罗纳克', '永远的7日之都', '永遠の七日1000users入り'})"
196,0.05154639175257732,"frozenset({'彼と彼女', 'イラスト', '盾指', '永远的7日之都', '永遠的7日之都'})"
197,0.05154639175257732,"frozenset({'彼と彼女', 'イラスト', '罗纳克', '永远的7日之都', '永遠的7日之都'})"
198,0.05154639175257732,"frozenset({'彼と彼女', 'イラスト', '罗纳克', '永远的7日之都', '盾指'})"
199,0.05154639175257732,"frozenset({'彼と彼女', 'イラスト', '盾指', '永遠的7日之都', '永遠の七日1000users入り'})"
200,0.05154639175257732,"frozenset({'彼と彼女', 'イラスト', '罗纳克', '永遠的7日之都', '永遠の七日1000users入り'})"
201,0.05154639175257732,"frozenset({'彼と彼女', 'イラスト', '罗纳克', '盾指', '永遠の七日1000users入り'})"
202,0.05154639175257732,"frozenset({'彼と彼女', 'イラスト', '盾指', '罗纳克', '永遠的7日之都'})"
203,0.05154639175257732,"frozenset({'イラスト', '插画', '永远的7日之都', '永遠的7日之都', '永遠の七日1000users入り'})"
204,0.09278350515463918,"frozenset({'イラスト', '插画', '永远的7日之都', '盾指', '永遠の七日1000users入り'})"
205,0.09278350515463918,"frozenset({'イラスト', '罗纳克', '插画', '永远的7日之都', '永遠の七日1000users入り'})"
206,0.05154639175257732,"frozenset({'イラスト', '盾指', '插画', '永远的7日之都', '永遠的7日之都'})"
207,0.05154639175257732,"frozenset({'イラスト', '罗纳克', '插画', '永远的7日之都', '永遠的7日之都'})"
208,0.09278350515463918,"frozenset({'イラスト', '罗纳克', '插画', '永远的7日之都', '盾指'})"
209,0.05154639175257732,"frozenset({'イラスト', '盾指', '插画', '永遠的7日之都', '永遠の七日1000users入り'})"
210,0.05154639175257732,"frozenset({'イラスト', '罗纳克', '插画', '永遠的7日之都', '永遠の七日1000users入り'})"
211,0.09278350515463918,"frozenset({'イラスト', '罗纳克', '插画', '盾指', '永遠の七日1000users入り'})"
212,0.05154639175257732,"frozenset({'イラスト', '盾指', '罗纳克', '插画', '永遠的7日之都'})"
213,0.05154639175257732,"frozenset({'イラスト', '盾指', '永远的7日之都', '永遠的7日之都', '永遠の七日1000users入り'})"
214,0.05154639175257732,"frozenset({'イラスト', '罗纳克', '永远的7日之都', '永遠的7日之都', '永遠の七日1000users入り'})"
215,0.09278350515463918,"frozenset({'イラスト', '罗纳克', '永远的7日之都', '盾指', '永遠の七日1000users入り'})"
216,0.05154639175257732,"frozenset({'イラスト', '盾指', '罗纳克', '永远的7日之都', '永遠的7日之都'})"
217,0.05154639175257732,"frozenset({'イラスト', '盾指', '罗纳克', '永遠的7日之都', '永遠の七日1000users入り'})"
218,0.05154639175257732,"frozenset({'彼と彼女', '插画', '永远的7日之都', '永遠的7日之都', '永遠の七日1000users入り'})"
219,0.05154639175257732,"frozenset({'彼と彼女', '插画', '永远的7日之都', '盾指', '永遠の七日1000users入り'})"
220,0.05154639175257732,"frozenset({'彼と彼女', '罗纳克', '插画', '永远的7日之都', '永遠の七日1000users入り'})"
221,0.05154639175257732,"frozenset({'彼と彼女', '盾指', '插画', '永远的7日之都', '永遠的7日之都'})"
222,0.05154639175257732,"frozenset({'彼と彼女', '罗纳克', '插画', '永远的7日之都', '永遠的7日之都'})"
223,0.05154639175257732,"frozenset({'彼と彼女', '罗纳克', '插画', '永远的7日之都', '盾指'})"
224,0.05154639175257732,"frozenset({'彼と彼女', '盾指', '插画', '永遠的7日之都', '永遠の七日1000users入り'})"
225,0.05154639175257732,"frozenset({'彼と彼女', '罗纳克', '插画', '永遠的7日之都', '永遠の七日1000users入り'})"
226,0.05154639175257732,"frozenset({'彼と彼女', '罗纳克', '插画', '盾指', '永遠の七日1000users入り'})"
227,0.05154639175257732,"frozenset({'彼と彼女', '盾指', '罗纳克', '插画', '永遠的7日之都'})"
228,0.05154639175257732,"frozenset({'彼と彼女', '盾指', '永远的7日之都', '永遠的7日之都', '永遠の七日1000users入り'})"
229,0.05154639175257732,"frozenset({'彼と彼女', '罗纳克', '永远的7日之都', '永遠的7日之都', '永遠の七日1000users入り'})"
230,0.05154639175257732,"frozenset({'彼と彼女', '罗纳克', '永远的7日之都', '盾指', '永遠の七日1000users入り'})"
231,0.05154639175257732,"frozenset({'彼と彼女', '盾指', '罗纳克', '永远的7日之都', '永遠的7日之都'})"
232,0.05154639175257732,"frozenset({'彼と彼女', '盾指', '罗纳克', '永遠的7日之都', '永遠の七日1000users入り'})"
233,0.05154639175257732,"frozenset({'盾指', '插画', '永远的7日之都', '永遠的7日之都', '永遠の七日1000users入り'})"
234,0.05154639175257732,"frozenset({'罗纳克', '插画', '永远的7日之都', '永遠的7日之都', '永遠の七日1000users入り'})"
235,0.09278350515463918,"frozenset({'罗纳克', '插画', '永远的7日之都', '盾指', '永遠の七日1000users入り'})"
236,0.05154639175257732,"frozenset({'盾指', '罗纳克', '插画', '永远的7日之都', '永遠的7日之都'})"
237,0.05154639175257732,"frozenset({'盾指', '罗纳克', '插画', '永遠的7日之都', '永遠の七日1000users入り'})"
238,0.05154639175257732,"frozenset({'盾指', '罗纳克', '永远的7日之都', '永遠的7日之都', '永遠の七日1000users入り'})"
239,0.05154639175257732,"frozenset({'彼と彼女', 'イラスト', '插画', '永远的7日之都', '永遠的7日之都', '永遠の七日1000users入り'})"
240,0.05154639175257732,"frozenset({'彼と彼女', 'イラスト', '插画', '永远的7日之都', '盾指', '永遠の七日1000users入り'})"
241,0.05154639175257732,"frozenset({'彼と彼女', 'イラスト', '插画', '罗纳克', '永远的7日之都', '永遠の七日1000users入り'})"
242,0.05154639175257732,"frozenset({'彼と彼女', 'イラスト', '盾指', '插画', '永远的7日之都', '永遠的7日之都'})"
243,0.05154639175257732,"frozenset({'彼と彼女', 'イラスト', '插画', '罗纳克', '永远的7日之都', '永遠的7日之都'})"
244,0.05154639175257732,"frozenset({'彼と彼女', 'イラスト', '插画', '罗纳克', '永远的7日之都', '盾指'})"
245,0.05154639175257732,"frozenset({'彼と彼女', 'イラスト', '盾指', '插画', '永遠的7日之都', '永遠の七日1000users入り'})"
246,0.05154639175257732,"frozenset({'彼と彼女', 'イラスト', '插画', '罗纳克', '永遠的7日之都', '永遠の七日1000users入り'})"
247,0.05154639175257732,"frozenset({'彼と彼女', 'イラスト', '插画', '罗纳克', '盾指', '永遠の七日1000users入り'})"
248,0.05154639175257732,"frozenset({'彼と彼女', 'イラスト', '盾指', '插画', '罗纳克', '永遠的7日之都'})"
249,0.05154639175257732,"frozenset({'彼と彼女', 'イラスト', '盾指', '永远的7日之都', '永遠的7日之都', '永遠の七日1000users入り'})"
250,0.05154639175257732,"frozenset({'彼と彼女', 'イラスト', '罗纳克', '永远的7日之都', '永遠的7日之都', '永遠の七日1000users入り'})"
251,0.05154639175257732,"frozenset({'彼と彼女', 'イラスト', '罗纳克', '永远的7日之都', '盾指', '永遠の七日1000users入り'})"
252,0.05154639175257732,"frozenset({'彼と彼女', 'イラスト', '盾指', '罗纳克', '永远的7日之都', '永遠的7日之都'})"
253,0.05154639175257732,"frozenset({'彼と彼女', 'イラスト', '盾指', '罗纳克', '永遠的7日之都', '永遠の七日1000users入り'})"
254,0.05154639175257732,"frozenset({'永遠的7日之都', 'イラスト', '插画', '永远的7日之都', '盾指', '永遠の七日1000users入り'})"
255,0.05154639175257732,"frozenset({'イラスト', '插画', '罗纳克', '永远的7日之都', '永遠的7日之都', '永遠の七日1000users入り'})"
256,0.09278350515463918,"frozenset({'イラスト', '插画', '罗纳克', '永远的7日之都', '盾指', '永遠の七日1000users入り'})"
257,0.05154639175257732,"frozenset({'イラスト', '盾指', '插画', '罗纳克', '永远的7日之都', '永遠的7日之都'})"
258,0.05154639175257732,"frozenset({'イラスト', '盾指', '插画', '罗纳克', '永遠的7日之都', '永遠の七日1000users入り'})"
259,0.05154639175257732,"frozenset({'イラスト', '盾指', '罗纳克', '永远的7日之都', '永遠的7日之都', '永遠の七日1000users入り'})"
260,0.05154639175257732,"frozenset({'彼と彼女', '盾指', '插画', '永远的7日之都', '永遠的7日之都', '永遠の七日1000users入り'})"
261,0.05154639175257732,"frozenset({'彼と彼女', '插画', '罗纳克', '永远的7日之都', '永遠的7日之都', '永遠の七日1000users入り'})"
262,0.05154639175257732,"frozenset({'彼と彼女', '插画', '罗纳克', '永远的7日之都', '盾指', '永遠の七日1000users入り'})"
263,0.05154639175257732,"frozenset({'彼と彼女', '盾指', '插画', '罗纳克', '永远的7日之都', '永遠的7日之都'})"
264,0.05154639175257732,"frozenset({'彼と彼女', '盾指', '插画', '罗纳克', '永遠的7日之都', '永遠の七日1000users入り'})"
265,0.05154639175257732,"frozenset({'彼と彼女', '盾指', '罗纳克', '永远的7日之都', '永遠的7日之都', '永遠の七日1000users入り'})"
266,0.05154639175257732,"frozenset({'盾指', '插画', '罗纳克', '永远的7日之都', '永遠的7日之都', '永遠の七日1000users入り'})"
267,0.05154639175257732,"frozenset({'永遠的7日之都', '彼と彼女', 'イラスト', '插画', '永远的7日之都', '盾指', '永遠の七日1000users入り'})"
268,0.05154639175257732,"frozenset({'彼と彼女', 'イラスト', '插画', '罗纳克', '永远的7日之都', '永遠的7日之都', '永遠の七日1000users入り'})"
269,0.05154639175257732,"frozenset({'彼と彼女', 'イラスト', '插画', '罗纳克', '永远的7日之都', '盾指', '永遠の七日1000users入り'})"
270,0.05154639175257732,"frozenset({'彼と彼女', 'イラスト', '盾指', '插画', '罗纳克', '永远的7日之都', '永遠的7日之都'})"
271,0.05154639175257732,"frozenset({'彼と彼女', 'イラスト', '盾指', '插画', '罗纳克', '永遠的7日之都', '永遠の七日1000users入り'})"
272,0.05154639175257732,"frozenset({'彼と彼女', 'イラスト', '盾指', '罗纳克', '永远的7日之都', '永遠的7日之都', '永遠の七日1000users入り'})"
273,0.05154639175257732,"frozenset({'永遠的7日之都', 'イラスト', '插画', '罗纳克', '永远的7日之都', '盾指', '永遠の七日1000users入り'})"
274,0.05154639175257732,"frozenset({'彼と彼女', '盾指', '插画', '罗纳克', '永远的7日之都', '永遠的7日之都', '永遠の七日1000users入り'})"
275,0.05154639175257732,"frozenset({'永遠的7日之都', '彼と彼女', 'イラスト', '插画', '罗纳克', '永远的7日之都', '盾指', '永遠の七日1000users入り'})"
